user_id,value
W7O8YIK3UU,outfit
3Q2A4KMY3L,influencer
3CUM3YFY8S,brunch
UB0ITG0MVA,brunch
9LGJYTPV39,brunch
8XKGUAN7DE,brunch
O65PRUQPRH,cool
RF1575GT5Q,follower
GCM0BNHB0Y,brunch
T36SHDPAL2,follower
15Z67Q6HXG,follower
Z1AEK7FMND,influencer
KZOAWDKGHZ,cool
0X8K9Z2I84,influencer
8DWANPNM4J,link
BVWSGEXQKA,feedback
10RXW62R6Z,spoiler
0FWTWSO1IZ,hobby
ZWYYI72Z6K,brunch
V8X6OBW8JN,outfit
QOW5VWE6N0,wtympsxh
SZ7FEKC3NL,hobby
2PGZTBCGEV,smartphone
M4YDGWG5EL,outfit
VTJ2EVP7S9,brunch
TXYC0PEOQL,outfit
6T7COM25O9,feedback
5RX4PNKRKJ,cool
AQPD57BK0P,spoiler
VDWVTUOH7S,spoiler
0HNQHLIE2S,smartphone
3MN4JZZY3H,feedback
VA3DCQZMHA,spoiler
KU639UY9VN,tqyrny
9XN48SJ8JQ,hobby
JB21MC1I4S,follower
9UIK05O8BM,spoiler
RIL3PZAN2H,brunch
XMPG0Z5G3X,spoiler
2R77X57LXC,spoiler
NIWW2SKGA7,thbcsto
L3YXFV0J8W,link
OUH6CUZ47E,tvausbkm
XZ8YA4M4X8,brunch
WPBLPARIGG,link
1NHP3NNPHT,cool
VEOLBPDQSL,hobby
TAYPS10Q0T,link
M2JB7EU35U,outfit
6DUVIJ33MG,link
VN4EKCO8LQ,cool
H6PHIUFAHU,bzmuyj
O13UKIUB1S,cool
CA8XE3X1QY,smartphone
HENI7BS1I0,spoiler
5NWWQAJGAD,nntq
1TUIYBOXL8,follower
6BJEMVVTAK,spoiler
S0L91TDJWQ,feedback
OFVO6SIOEU,spoiler
3K2AK8J8CQ,feedback
XKMHFTQIRD,stic
U5U5RX7PWM,cool
F3GZ33VHDZ,link
D8HVMJZ3ZX,ykirdg
0G6IP6ZQ60,cool
YEJI03BBPY,spoiler
Y7MDGWAV8T,cool
KMH8IDS8P4,follower
Z0OVYN8VBA,hobby
C0LH8QPMIQ,qgwki
UIXNXN2ISS,ffdzfb
Y188ZS838H,cool
24IC9S90DK,follower
3PP4QI18TC,link
TRRMVQBZB7,follower
IX29U6WASA,feedback
ESHNM89RM0,zhcjjrc
8NHGSRVRRT,brunch
RH3UALH7XM,feedback
SAC4GLHXBW,influencer
105S6AUFST,spoiler
6LETWKE2WA,link
274V2C1Z5A,hobby
V3CZMOGFIY,outfit
WUILSHN8ZF,pjjboj
7K4W3U3CPM,follower
AWOFSD1I2G,brunch
QTOL2NVULP,cool
S8W7IMFOKM,cool
E712EMS5F3,cool
J1QSX0T2GX,brunch
31OAKY5H54,feedback
EQEVA7AUSY,cool
LNH1ZBCYMT,fubhmuyh
8XR1RZ7D0V,sojjit
4LD5RFKQAW,brunch
3LRBRMTY4F,link
VGAJFKETNA,feedback
NSJ5NB74QP,qbxgtv
8776CN72M8,outfit
LAWII2M3ZX,follower
NYZSSE6KBU,outfit
RHEUIVFXIP,feedback
E7U8CFZ08M,outfit
ZSOMA8F19V,cool
9PAZ8UN69F,spoiler
M0V2HNAEH4,outfit
CCFWXAZBH6,follower
WN61XT3T3A,cool
F553IKQJJ9,spoiler
SBXDCTXOCG,follower
OKBOQA1QDJ,link
BQKBEMH5AY,link
LX0EZDIA81,influencer
1GSLPRQQYS,cool
G872WGW0I6,link
JJ08PK8FMD,ahlfkq
YOIQE6GUAS,cool
CMGJ7CMSZC,smartphone
ZDQHD6IGG2,uwhlx
CVMJ00T5BT,link
JYPP4TJ0AN,outfit
3EX9QKG4SP,feedback
UDNSDRODTE,spoiler
QLYVYQ9AVF,link
L92UL27DZD,spoiler
XZBCYNZ2E5,ofus
83T74HEOFR,xsdwiio
DKDQMX5T4K,follower
1K57C3C45O,spoiler
E1L30Y9MIG,outfit
025SZYJL30,feedback
9TVFQ50WZG,feedback
0XUIMGAB8T,brunch
YR38NSLLG3,smartphone
HKD29WC7EJ,cool
II7YSCX68S,outfit
F7VG8QI87T,outfit
4329D0983D,tmbvfz
5XEB3XLF1N,spoiler
VAI8FNMB1W,smartphone
481X1QUSF6,smartphone
MXUXHFK9R1,follower
HTSWGVLY3K,link
0D1UU505F6,outfit
KEJD30TBK0,cool
QEPBA1RP50,link
W1TZCLBDRR,smartphone
CJYUQJQOX1,follower
OHBIC528BM,influencer
ZDZWCF1Z5W,cool
9A7L1VJI8H,outfit
UJR6CYBIZY,spoiler
LT90PDWBLE,cool
5CC031V83I,link
OQIALBC70I,ckrbqmua
N7RL0HX6RS,outfit
VDUVPUH3BL,follower
D680HXRTE2,brunch
35BDK1RE3O,smartphone
JZFITKQJGN,outfit
214FB6VT5J,follower
BG5A7U5DPE,hobby
7MLBWVQ7UZ,cool
4Y6QJWE0LP,link
9LZJ98VNYZ,cool
L9EVU8EN5B,brunch
73RL66M3YF,cool
W3414FF3BE,zpbexq
4DZ8ZW4ZRC,follower
R4INF4OGNC,brunch
ZB6GPY2VKO,link
WGEGOGKIFC,cool
D8308IEUSW,ovoz
E48ORY50ZO,hobby
LFU8SZOX8U,outfit
4SSJ0TZW3N,link
ENZ5T45TEZ,tzj
BYK9KL4N9K,follower
9WJT6ZUT0I,brunch
RRC8H6VH7X,feedback
N7G8MHE2ES,brunch
7SN52Z71U5,smartphone
C7IEPB75MT,cool
RQGW9PAANV,brunch
RNPSI05FKN,link
479793T7NN,cool
DPWIDCQYLI,hobby
UBE2HT36VU,feedback
30I7V1N7TO,hisb
I7VF56SOYZ,follower
BTB56F03A1,pcwdgj
WHVXIUPJ73,brunch
CPAMU1CQKR,follower
SZ4BXM4F8K,spoiler
NC5FQV5IH5,brunch
SXHA5359QW,spoiler
1ON5N7P589,cool
WFKYS07T5S,feedback
BFBUGR7P96,follower
MHXYE4O3J4,cool
RRXBJEKJ0F,cool
TTREP9D1T0,influencer
J75FDMZCRS,outfit
05RBHLVS6L,outfit
GTGKPYET7A,outfit
FUROVS3B9K,xxmfrbw
DXRENJYDQT,outfit
34EYPJ4QZ0,spoiler
KL4UAG0KIB,brunch
KKFQ4X2AYM,link
CGZTVEDRB2,hobby
JZ82Q3ACNE,brunch
B7BIB0HP5G,influencer
J2P9ZX6MKY,follower
BX7BR7LWYI,spoiler
OWCA5ZU2YO,follower
3GX355L7TL,spoiler
C1QPLCF07X,cool
38HGRRR9RG,follower
SWQR3VC7K5,hobby
DELU00P1YB,udrogyi
RA6BAML1XN,cool
KRPG5O4Q57,outfit
8JMEHV9MT0,spoiler
JDGJ8IZRS2,caeommek
6HN7SJ8SX1,cool
2Q0PRYF5F9,follower
4ODWPXXK5D,brunch
PBUFRX0AI5,cool
7OP1D32XI0,vdrem
RXWP6XPCFW,cool
U8ON0NNYZI,link
V06BLSJMSU,hobby
5YP6NHM9TY,hobby
B1HVXYZVWZ,brunch
B0NZSRPLTB,brunch
NIETFI3KQ6,link
7TLJXL8D9H,outfit
MI5RNQ4GK7,feedback
C5B3UDCKRW,smartphone
IKC1NO906R,cool
52ZYJ8A21N,cool
CD8RCNVBGT,cool
X0BGFEYDP2,crztloq
BBTZQ4QV78,quszbgv
3S4P9ESQ66,follower
WVF86XVYKW,outfit
6EOLBTN030,link
BJKDMSADVE,influencer
G0N4SYJDNW,influencer
CK8GDDYHP2,link
CCMO2HW00U,cool
84IW3102TN,link
U8YYRGAO4X,czk
MA43H5QEQ0,vzhtajfm
0WB3C2TQ6I,brunch
CR9QG7FRW1,brunch
29MH1V8L7G,link
0MEGLF2S4Q,egurn
TAQNNDUFZ7,influencer
V2P7PB1VN8,link
DIL8AKVL3G,feedback
S08ZX3YLZB,qxyhsn
91GWFUB1DO,outfit
0LJWYUY0WU,outfit
Y5FQXT1HKQ,link
I5RH9ZOAY7,spoiler
CRC6ZQZ1JU,cool
0I5CKRRJF2,outfit
HRDPQHYI8U,brunch
MULTTP3QG7,brunch
WQGQPFKNKI,follower
GGNI15GCT4,ukn
T3FAN2D0X2,follower
ABGEXE7AK9,smartphone
6B9KOO8B60,smartphone
Z9348SPW46,link
Z4PNE9F90E,brunch
KAO4E00JLG,outfit
38I64G3NRJ,brunch
GDFB8WB1Y2,cool
B9SL282AQ2,cool
0WUVPHHNPX,spoiler
H4J8KEPWPL,cool
U7P0X09ESE,follower
S1V2Z1QM13,lict
ZYCZ8WXY1Y,outfit
268BAGSDNF,follower
PC3D183TCO,jpsxg
CVJ0TKSO7C,brunch
Y5DQ5JNY30,smartphone
QZJ3OTVCQE,mpgk
TFWCIMT46Q,follower
8WA5EOX1GA,outfit
HRISMQFR2B,brunch
PK5TDMFAIG,link
W57GA32J0N,cool
D71HZONEMQ,outfit
QUKJ0H683C,cool
1GQ0X8BYWY,spoiler
8UO6VPQWLV,brunch
CHYWUY0NCO,outfit
QNVU9WZ207,influencer
NN6UAG4I8O,spoiler
03BMP1BUFS,link
CYEM59AGDK,outfit
80YEDQPS5I,cool
M8N7OTFOPC,cool
ZOS6DHBKIU,brunch
C0TBXXXYFV,cool
5DURKKQABA,outfit
Z7IM8BSO11,link
14IETWUI4O,smartphone
FS66SEAJC2,outfit
K871DW0SUH,ocxeumb
B29WAA63T0,influencer
DF5HN46EKH,spoiler
OJGYT56ZCE,feedback
I9PQO0TY1W,spoiler
QJIEQQ50OR,spoiler
NNNLGGAXAW,brunch
K0KK3C1FW2,brunch
QZ7W5HDN29,influencer
L7YMQJRHKZ,follower
XE3DNSTZT5,brunch
7H39O2VI3K,cool
FJPV85DLUV,link
9C901P735X,smartphone
A5AD5UJNFO,influencer
INLZCPKZKV,spoiler
BYDVJQ9N9J,cool
396DZ96HUA,feedback
MDONGQ448E,spoiler
RNI8P2UVYD,cool
DODBURBSQQ,outfit
ZNZY941XAL,spoiler
8W02EZUGH7,link
W0OASWXDYH,cool
07TRXTEYDP,cool
PNZ6O5KSRZ,feedback
P8AHHJRDS2,link
D5XX2ZAMD4,qoqyy
P198SDT2TZ,hobby
27EQVA60C0,cool
6HDJ0ATDDL,follower
WJ0JWDSNAD,cool
IMHWCH4I97,spoiler
7G1P6V88DJ,brunch
0MDFO93Y2J,brunch
DFJKD1HSLQ,brunch
ARNM5EZ3L9,brunch
W1USWIC6V0,outfit
NB960HPAS5,hobby
2V05Z6O38C,smartphone
QWG0GICZMI,spoiler
3EN26O0VUU,cool
2QO2XC3C9U,spoiler
I00OBMKFBV,brunch
8QBZ48ZNKM,spoiler
J6GE51VWAL,brunch
R8UIVM13J1,hobby
BHURX8G279,influencer
39MWMA7WF9,hobby
4OSYEAEJSS,cool
RGHPHS2MSE,follower
SMBM3BV3NN,jqz
LZS5RTMVGB,cool
7I4FT74JGR,smartphone
648UTQIGJE,brunch
4BNHDLQH2Y,outfit
67TBQAPTTN,ljqzku
T8MXMG0XWW,hobby
FW7CR79PLJ,hobby
Q8X2UZFWZ6,feedback
PD7XMCF0PX,smartphone
HLJNU91QNI,cool
JOCE7711CV,cool
GFE7DDFL4Q,link
UP3G8K27O8,outfit
MWL79YYP8S,brunch
OH6WN8EA8D,feedback
9WEDO0261S,cool
5DKD9L5JVX,brunch
AAGQJIDRX3,cool
WZ16PR59VX,hobby
BW08QOZ0DS,outfit
8K5WWIKTRY,spoiler
9I1H5GQLJO,cool
QIHESKCEBM,spoiler
O0NT7DHOFG,cool
OIQ7OFF2BI,outfit
V5Q3WNNHA9,outfit
8KHKAIK3I7,spoiler
TR0EEBQOHO,follower
FHFETC5LUW,cool
W04BC0JUI0,hth
MHX3FEBQN9,brunch
CIXMEGKAXM,outfit
QQULOV7Z0A,outfit
I7YHPJNI4W,spoiler
76VQ9QO2MO,feedback
MEESTEMU6V,cool
NNCYQB7UM9,cool
OA3TMBEHTU,follower
2VIAANYTMP,brunch
9OYC7DYAD8,outfit
MPOHWAAQU3,outfit
K2HI80ZOI3,influencer
Q4HKR4Q8AH,cool
09N2PJJJR4,smartphone
ZSQXFS74BM,spoiler
XBV0LHLWT7,feedback
5VK8OBBS53,feedback
MWWL6IY2DF,follower
X5F0PFZ1NZ,spoiler
X893UO1F12,influencer
JA0WFAB1GJ,follower
QHHYFVOD2V,spoiler
6U460A2XCU,follower
XT5DC6M947,cool
DWGH3QAK1N,brunch
QX6DG2ATZ8,follower
I8QPVX7YHI,follower
EPEBZZTXBC,brunch
M7NPY4Z9FS,cool
24W1J74WWF,follower
AI45O9EURC,follower
7FXHG09LPZ,follower
0WB7LUCV89,cool
CQGI9QR86T,cool
XZT2XP8UMT,cool
HY8ZHCG4GV,cool
POL1PGTMZA,smartphone
XJ9OXJNJ3K,follower
3I9MWGD3GV,spoiler
AO06K39BHR,brunch
BKW4ZJXUES,feedback
3TT8NIT2H7,feedback
R6AZGH129E,brunch
N56LG48XQL,cool
AQ9AVHQLUF,txbmjxef
Q86KCUH5K5,smartphone
CO8C5BYR60,outfit
W7KSVBBX3A,brunch
6XOR12MK62,toay
1K5YW9FOCI,smartphone
FN4OZSG33R,spoiler
IJTIT24VQ6,brunch
EB4EW46P9W,cool
ANQCFG353V,link
A2FHGZZETJ,outfit
ZEDW1OFMXE,feedback
6XZS45U1UZ,outfit
HE8MI1ATKF,spoiler
N9HMGMFMH5,follower
GMVS8FGMQ1,follower
IMF99PSEUO,link
O6QU4BJHWI,outfit
GFF3G8CG62,link
S2A2FAA9W2,spoiler
U3SYFQG49M,spoiler
JGQ60G98B8,link
Z8LDZWBT7L,smartphone
993JSY1GP6,spoiler
CJ96DSWMQY,cool
D57V7JN82J,follower
OU92JPX3PT,influencer
OYCYUOHVAN,link
2JLYHO379Y,hobby
VT2QJPUFBD,evfujwfr
NM693RNYNB,feedback
9F4X2AFYK0,link
HW4JQLXGMJ,link
A3PVTIUS3E,cool
361N2QL78D,spoiler
OD4L6QTYFB,feedback
44HTPHQKAW,link
5IVZENS5J2,link
CKG235ABEQ,spoiler
BDDN53UZ49,outfit
EZ6G59MTQO,feedback
NDAMQBLTEQ,smartphone
OMR1UX098C,link
GRT9SVGESD,link
EFLTAW7Z01,brunch
UJZII07BAZ,hkax
C8VCC2CRAY,spoiler
BWFWME9CH9,feedback
U1MC5JEMFH,link
OG7XN2C8X9,link
2R2IWALHLQ,cool
O9XKV3MYQX,spoiler
EXJV50SK4K,hobby
CIIQ2SKL9W,follower
XJQ7RAPGUM,brunch
OCYDWH24IB,follower
S0CBUKFKM7,cool
LMYJA7MBO8,link
9D5MJJMBEI,link
W3PXFZ9SEV,cool
ZALZRFX8VJ,brunch
IRDCA70H46,outfit
M3XGH1AEK1,brunch
6APXCSZ879,brunch
HM6Y5I3WWO,link
VOVLMX82XV,outfit
EXR8VM2TDZ,spoiler
I7ZH8LE4JV,abhdep
2L87EWUTZZ,influencer
TIBNUYKZBH,hobby
2NUD3BLLO0,rpxkod
U00YOPNUAI,jpbb
WJL1KMD2Y2,outfit
QDOB37WUEO,spoiler
0DEBGGTDL4,hobby
BSHJ8Z43SI,spoiler
N06TNCUD5L,frwp
11FV90KXXZ,feedback
MOFU49VU3Y,feedback
FFEEOV7X49,cool
H0S5OTUPST,outfit
RGA1DIKTNT,smartphone
YIJ3T7N69F,link
SGEPCRRZFJ,spoiler
JFRHL949TT,link
UB9OP56EH3,smartphone
SO1TG9DQQX,follower
617GA21HMQ,brunch
7YMY3X9NKG,cool
50WSQFZ2JE,smartphone
XZPC58VIFK,follower
4WIBQ427UH,brunch
6WT5OX7OMA,smartphone
6OI05CF6BZ,cool
HX6FZEJDRW,xgtk
C1LZ5SPAWL,brunch
Z4LCPHBZAS,link
10YYBRXV9R,influencer
3AWK8FBBF8,outfit
9E013HNOXZ,cool
32OLHF8LH5,follower
R0L2MH7OVR,kxqccw
0L5N31H600,hobby
3T4MNNSAA2,follower
UE33IXC32T,spoiler
U70LYQ0D94,influencer
D4XRQFGI6U,feedback
58JBUAIKYX,smartphone
JG83MM4SZE,brunch
9ZJ83JZ4XI,spoiler
PX5ZZ0OLV1,cool
XYUI1ENQA4,brunch
5DETQIGY0I,cool
9D7MRLD92R,cool
9O5JN1HVQS,link
3T8CFDHQFB,link
1811A1U7BN,link
0BE5L6WU67,follower
I70Z5K7Y1E,influencer
5OISW5L5TP,cool
HA9FBDHJ1Q,follower
IF7UL1K0YN,follower
898IN3FYOS,fytshu
SP3EP5C2JY,cool
Y2V5JXCMDH,feedback
L0YV3GAQQ5,cool
RO4BRAR2TH,feedback
XA3OJK83YT,follower
CGC17OCPB5,spoiler
IW1BHKHY22,hobby
9F7SD25LKZ,outfit
AK9JBRIYZ3,link
G5RUDYRI0A,follower
FYH2WB76OG,outfit
VAXI2D7AH5,follower
L922QHVPUB,cool
GYYIJFMB7X,follower
436PQTMB35,brunch
06CKKYP23D,feedback
I1RNSZ2283,cool
3U5HLUOX6O,link
P5AIN8QFQ7,link
TCE56HJSNX,follower
7SH5FBBQL9,zqntzcvo
4Y7H6CSQPS,smartphone
SU50TFTCN7,cool
IIRFYXM46A,jmrymy
HK9ZUGH32Q,feedback
Y0JULW4DK3,cool
JOY57OGSLT,influencer
XESBDIJI6K,cool
RZRKONSBRT,brunch
4J24A21W79,cool
YOZTOQE162,smartphone
4Y6FC9PGEY,ulgmoc
6C6GR48Y3D,outfit
PPDXPMGTUH,kcvnljgl
CMC9TYPMZC,follower
6DBVFWWQEX,spoiler
X9TN1MJCUE,spoiler
V4I4RZ65JI,influencer
YOS1ZCQBRX,cool
94RL53VTIV,cool
VXAQ028MU4,outfit
G0A4PJHFM3,outfit
R83F5CY8EB,outfit
6PIOAL4251,ysskc
TXIF3WQ7CN,link
NTKBHB5AHF,outfit
S07ZL7WNBR,brunch
GQFST6C49B,cool
Z1OTTPCLE6,wxh
67SL6LA1MW,obenad
TVMMEZ13JX,influencer
SLS0B9J2ZM,brunch
JTP78KTRLI,link
DZRBEDHXZF,brunch
7I419NGXB6,cool
5ZWEDO6TMJ,follower
BYPWZY2B6Z,outfit
LZ969S06JP,outfit
NEIOXGPI1B,hobby
WZNHK2QWSF,cool
AI8S4MK9V2,cool
ZUAQATKD79,smartphone
0T9OGQFHZJ,hobby
08PQQG61LO,outfit
11TIW7U11L,influencer
CCUKOT1GBT,outfit
2G9YXD3Q7B,link
69PI62G75A,influencer
I983F2PGFG,influencer
2MCJLQW599,hobby
57UGOWIXCU,dyhhyrl
P92RATVDUN,cool
GVM06U8LVF,brunch
3JARUNMM5T,outfit
2XNUSWV4Y5,brunch
V7GI72E8CT,outfit
RWO0CPHF57,link
B9JEJTGQEV,hobby
V6TP03UBCJ,feedback
UFPL1IS2BW,spoiler
S6ODCXI3RR,brunch
O7856A7WX0,outfit
4SG6XWABR9,cool
WOMHK0YJLW,cool
I4ANHXO9LQ,wngfxrv
ISLHA6IDBD,hobby
RNGZDDVX8D,link
RICR59OSN7,spoiler
3F4AZMR14F,smartphone
9QB0DJVOHG,follower
GQOKLBF2E6,qwmn
OP12R1RUN3,spoiler
8KVBRID5GD,follower
TEQ1MILDZJ,spoiler
AKC930MIFF,outfit
CJALZ9JRRK,cool
510XISZEHA,hokcoki
DEA4XU3T87,hobby
LOWHA025RA,smartphone
3O3FDQ4L3Q,follower
XNTH8OC93J,link
I3YBSDE9YQ,brunch
QWY361CWYO,brunch
XNGK603MH7,cool
KAJEHO3FL8,cool
C3JHSCEEIW,follower
N8F1XOXJPP,follower
Q0EBD3VI7P,qmkbkdd
Y33QDO0ZCG,zfaql
TPVUY9MSQ7,brunch
QB6EDAE1DJ,link
RT0GN2XC87,cool
A6IZ0FKFWE,outfit
H1KPX3BXHO,spoiler
MUBMDHSZUH,yzhbdmj
RY9KEIH3QY,brunch
6MXNJGVWZE,nrccr
HBWIMAGGTT,outfit
KHN952OOSE,outfit
EADY8JIIFJ,link
TOS1PYDBL4,cool
SJHNHINBD0,spoiler
X31PMB67G0,link
4F0Y1CHO7X,follower
1KCV2K2PP5,brunch
Z0S8VEOJAJ,brunch
F7F5DZNDD9,ijz
6251KE9LA4,cool
KTEFC6EY81,eohv
IVP0PQBJNW,link
OB3GJLA137,cool
VZXHULVZG5,link
86TZXW02JK,zhlbbhk
U1AMBZFMXC,outfit
3HPNJJHDE7,jhamvlew
NRAGEQ7ZTW,brunch
0B6TH39AK1,follower
3UHL9GA06D,outfit
PBOSIUJIH3,cool
0ND1K3X9UA,cool
NUJDI7YWDF,link
4PIPLE5T8L,follower
XJY9E46U2R,smartphone
IR3EJHQ85L,cool
736IUTNB4G,follower
JLCP90K7IR,spoiler
OAG1XWBWE9,brunch
49200RHNJZ,outfit
16MJPPTU8O,brunch
2AUM1KKHE6,smartphone
ABGFQ38MHH,smartphone
VXID1YJMP8,cool
LWR34E77SM,wyroow
4OBT7NM2G2,influencer
0PR2KSCV6J,zhlzq
08CTRGIW47,brunch
G5QQW33IHX,spoiler
5LCNQJXX1L,jedonili
5AXWAIGTF2,jwz
KOB1LW5ZKZ,follower
VOKUL1YAFG,hiqlvef
JQ0J22KWYN,cool
75JYEJD4FB,link
6E3P6I9BK8,brunch
OQEPUGMEQW,follower
5542G0OJ2T,brunch
H0VB8HG23L,evzw
RNIK1H22GO,influencer
POVFM732AX,follower
DOWFQLFDF6,cool
BB99LE5DEF,spoiler
V6U15V4255,follower
5PJXZCQQOX,feedback
RGTPAG6IAY,hobby
KF8UP0FXFU,brunch
N0U0PLBKA1,brunch
OZOJNH0H44,brunch
99ZGC9OENZ,spoiler
TYG4KY0HAU,brunch
TXCC84YATT,link
1QVKO00I8I,spoiler
AM2U4W4CDC,spoiler
PXGUT6YJAS,cool
OM0X1J9WKY,cool
JM1VHJV5JU,follower
